state,value
GA,640.3414777
MA,11415.4029
NY,46529.6026
NC,9483.145257
IL,32737.42076
TX,19812.939
KY,-1801.0734
VA,-2140.35402
CA,22321.13429
MI,4891.57004
AR,-1236.518
FL,265.6565345
OR,14144.79908
KS,2688.02624
AL,1232.1255
OH,6660.824006
WA,21794.16433
WI,2320.43856
CT,545.7994
NJ,2.93633
DE,94.4062
PA,9915.6645
ME,5100.181565
IN,-918.06576
MN,10430.48928
DC,25515.48872
SD,5403.804
